Open,High,Low,Close,Volume
148.93,149.29,148.81,149.155,34577.0
149.165,149.225,148.15,148.585,95279.0
148.615,149.03,148.38,148.99,54322.0
149.0,149.29,148.74,149.01,41718.0
148.97,149.205,148.855,149.16,33794.0
149.135,149.15,148.905,149.095,24385.0
149.09,149.15,148.83,148.915,67648.0
149.83,150.04,149.45,149.78,44467.0
149.78,149.805,148.925,148.98,64921.0
149.005,149.61,148.91,149.56,24232.0
149.54,149.655,149.42,149.54,22380.0
149.42,149.9,149.42,149.85,24579.0
149.77,149.88,149.695,149.805,27670.0
149.79,150.02,149.63,149.905,54931.0
150.135,150.52,150.02,150.37,37543.0
150.47,150.79,150.145,150.78,120507.0
150.785,151.07,150.61,150.97,35854.0
150.925,151.1,150.815,150.945,33005.0
150.98,151.155,150.95,151.11,24626.0
151.12,151.245,150.915,150.97,33648.0
150.96,151.09,150.52,150.71,96978.0
150.025,150.16,149.645,150.06,38983.0
150.07,150.61,149.93,150.42,32703.0
150.415,150.47,150.02,150.105,18938.0
150.115,150.345,149.87,150.32,11046.0
150.255,150.37,150.15,150.26,14705.0
150.28,150.455,150.085,150.45,23299.0
150.385,150.42,150.02,150.19,83753.0
150.26,150.59,149.935,150.345,43828.0
150.345,150.91,150.29,150.45,55823.0
150.41,150.69,150.12,150.435,33998.0
150.425,150.63,150.3,150.61,12836.0
150.6,150.925,150.6,150.86,19508.0
150.875,151.075,150.83,151.03,14153.0
151.01,151.12,150.935,151.03,70555.0
151.38,151.465,150.62,150.68,35603.0
150.665,151.045,150.485,150.52,75595.0
150.605,150.895,150.38,150.445,36742.0
150.46,150.57,150.02,150.03,28340.0
150.07,150.34,149.88,150.34,29709.0
150.305,150.65,150.225,150.245,42152.0
150.2,150.43,149.87,149.89,78763.0
150.25,150.43,149.42,149.435,49269.0
149.44,149.88,149.25,149.515,80987.0
149.49,149.755,148.41,149.42,57771.0
149.44,149.74,149.285,149.735,26599.0
149.76,149.955,149.76,149.86,20391.0
149.865,150.275,149.84,150.275,11431.0
150.255,150.515,150.255,150.415,48549.0
151.04,151.965,150.98,151.69,47650.0
151.735,151.78,150.82,150.99,57937.0
151.04,151.54,150.965,151.24,26406.0
151.2,151.295,150.935,151.115,26230.0
151.14,151.61,151.115,151.55,17741.0
151.53,151.83,151.46,151.81,17630.0
151.805,151.92,151.66,151.78,80084.0
152.4,152.47,152.07,152.22,53464.0
152.26,152.38,151.64,151.65,147063.0
151.675,151.885,151.605,151.885,24476.0
151.885,151.92,151.13,151.13,31696.0
151.16,151.19,150.815,151.005,24794.0
151.015,151.285,151.0,151.18,25317.0
151.205,151.54,151.09,151.45,53440.0
151.71,151.745,151.13,151.635,39510.0
151.63,151.84,151.37,151.75,40243.0
151.735,152.02,151.72,151.89,16039.0
151.85,151.88,151.58,151.78,14835.0
151.825,151.93,151.64,151.71,22963.0
151.68,151.77,151.35,151.35,14295.0
151.32,151.32,150.595,150.64,58821.0
150.07,150.545,149.85,149.97,59125.0
149.975,150.61,149.72,150.6,70752.0
150.59,150.755,150.23,150.455,103555.0
150.455,150.7,150.175,150.675,84905.0
150.66,151.03,150.575,150.87,19348.0
150.855,151.31,150.79,151.2,34178.0
151.17,151.25,151.0,151.0,62191.0
152.28,153.095,152.105,152.58,55106.0
152.545,152.96,152.46,152.81,78450.0
152.84,153.31,152.73,153.2,32908.0
153.225,153.66,153.225,153.38,27113.0
153.41,153.545,153.26,153.42,27077.0
153.48,153.71,153.435,153.615,54891.0
153.58,153.8,153.58,153.65,61982.0
153.545,154.11,153.1,154.065,35913.0
154.095,154.5,154.075,154.345,61957.0
154.34,154.58,153.765,153.8,43715.0
153.755,153.81,153.495,153.715,29718.0
153.7,153.92,153.7,153.825,21147.0
153.89,153.98,153.71,153.895,31930.0
153.895,153.98,153.44,153.46,79163.0
153.985,154.06,153.365,153.94,24434.0
153.99,154.245,153.79,154.03,42315.0
154.07,154.21,154.04,154.09,26335.0
154.085,154.505,154.02,154.49,32116.0
154.6,154.81,154.56,154.735,16217.0
154.755,154.89,154.72,154.78,25312.0
154.8,155.05,154.78,154.97,89014.0
154.92,155.03,154.58,154.75,34246.0
154.7,154.93,154.58,154.605,32422.0
154.615,154.76,154.38,154.725,18562.0
154.65,154.82,154.52,154.555,36931.0
154.545,154.635,154.21,154.21,61899.0
154.25,154.48,154.135,154.395,22134.0
154.4,154.53,154.285,154.475,57975.0
154.42,154.55,153.67,153.69,25924.0
153.67,153.73,152.675,152.79,145468.0
152.81,152.89,152.375,152.62,46061.0
152.64,152.8,152.425,152.8,19499.0
152.87,153.095,152.53,152.65,21919.0
152.61,152.68,152.42,152.535,27435.0
152.535,152.78,152.26,152.74,84588.0
152.45,152.59,152.165,152.39,44927.0
152.33,152.78,152.245,152.53,56993.0
152.52,152.61,152.18,152.595,38087.0
152.62,152.705,152.5,152.68,11654.0
152.665,152.775,152.595,152.66,17219.0
152.65,152.84,151.755,151.78,40534.0
151.71,152.11,151.305,151.98,78076.0
151.68,152.87,151.68,152.85,34550.0
152.88,153.06,152.47,152.47,82034.0
152.41,152.635,152.05,152.635,43920.0
152.62,152.665,152.4,152.59,21381.0
152.495,152.495,151.81,152.045,29542.0
152.035,152.545,151.735,152.465,21182.0
152.495,152.555,151.68,152.005,80658.0
149.945,149.945,148.47,148.55,56635.0
148.57,149.7,148.17,149.29,84639.0
149.315,149.97,149.15,149.97,46892.0
150.01,150.25,149.585,149.585,73760.0
149.595,149.695,149.27,149.44,17361.0
149.49,150.02,149.18,149.66,18315.0
149.6,149.985,149.51,149.73,56942.0
150.17,150.965,150.16,150.95,28402.0
150.97,151.19,150.8,151.01,65966.0
151.045,151.22,150.68,150.96,47915.0
150.99,151.17,150.92,151.075,33031.0
151.08,151.16,150.695,150.77,45023.0
150.75,150.87,150.625,150.805,35799.0
150.795,151.26,150.775,151.13,84931.0
150.925,151.6,150.895,151.32,51763.0
151.155,151.23,149.79,150.15,100364.0
150.14,150.43,150.0,150.4,61848.0
150.45,150.9,150.38,150.88,20477.0
150.82,151.19,150.725,151.09,30894.0
151.03,151.03,150.48,150.74,25171.0
150.8,151.015,150.685,150.8,58337.0
150.93,150.98,149.81,150.16,34041.0
150.115,150.76,149.84,150.76,54222.0
150.77,151.075,150.57,150.985,56413.0
150.99,151.09,150.82,150.955,11772.0
150.95,150.95,150.57,150.675,10393.0
150.68,150.865,150.62,150.8,15826.0
150.79,151.25,150.79,150.92,35949.0
151.76,151.77,151.17,151.28,52652.0
151.35,151.36,150.21,150.23,117828.0
150.31,150.335,149.99,150.32,56285.0
150.33,150.505,149.82,150.05,45692.0
150.08,150.34,149.86,150.31,47092.0
150.33,150.4,150.075,150.36,51898.0
150.4,150.75,150.19,150.75,86478.0
151.19,151.43,151.115,151.265,21399.0
151.28,151.785,151.22,151.43,34839.0
151.345,151.345,150.73,151.075,10068.0
151.065,151.25,150.685,150.735,10731.0
150.695,150.875,150.44,150.86,8957.0
150.785,150.975,150.785,150.925,4861.0
150.865,151.01,150.605,150.74,36325.0
150.855,150.89,150.43,150.775,38736.0
150.765,150.82,150.11,150.21,40462.0
150.19,150.25,150.0,150.165,26211.0
150.23,150.41,150.12,150.185,34737.0
150.21,150.305,150.07,150.13,24768.0
150.15,150.31,150.07,150.305,23809.0
150.285,150.37,149.98,150.33,60204.0
151.12,151.21,150.72,150.925,31730.0
150.935,151.705,150.91,151.65,47951.0
151.65,151.92,151.65,151.84,29858.0
151.855,151.87,151.72,151.72,11951.0
151.7,151.76,151.6,151.72,7382.0
151.75,151.88,151.74,151.78,10291.0
151.75,151.955,151.75,151.89,47423.0
152.195,152.45,152.1,152.165,33015.0
152.175,152.215,150.795,150.92,56686.0
150.965,151.25,150.9,151.065,40722.0
151.14,151.26,151.07,151.25,17957.0
151.3,151.52,151.25,151.52,22055.0
151.495,151.99,151.495,151.83,40032.0
151.81,152.56,151.74,152.51,67539.0
151.525,151.55,151.17,151.525,30878.0
151.555,151.895,151.435,151.6,26020.0
151.57,151.57,151.09,151.375,23537.0
151.35,151.35,150.905,151.175,10729.0
151.145,151.19,150.945,151.07,17658.0
151.055,151.3,151.045,151.2,19895.0
151.2,151.425,151.06,151.14,87935.0
150.98,151.24,150.53,150.61,25488.0
150.54,150.71,150.34,150.71,26043.0
150.69,150.82,150.47,150.685,19860.0
150.695,150.89,150.685,150.8,9700.0
150.73,150.865,150.73,150.825,12081.0
150.82,150.83,150.6,150.66,20545.0
150.65,150.65,150.35,150.42,57579.0
150.38,150.715,150.3,150.385,54749.0
150.415,150.965,150.395,150.88,38914.0
150.865,150.955,150.77,150.82,29508.0
150.87,150.98,150.84,150.95,11047.0
150.965,151.145,150.93,150.985,29049.0
150.97,151.07,150.83,151.035,25306.0
150.98,151.185,150.87,151.06,44916.0
151.13,151.42,150.94,151.31,35114.0
151.4,152.29,151.39,151.87,63268.0
151.82,151.97,151.515,151.55,32822.0
151.57,151.63,151.19,151.2,33687.0
151.22,151.22,150.905,150.96,25847.0
150.93,151.01,150.75,150.98,19246.0
150.98,151.39,150.93,151.35,63277.0
151.16,151.52,150.66,150.735,71483.0
150.74,150.91,150.275,150.46,128876.0
150.5,151.215,150.47,150.885,38577.0
150.855,151.185,150.855,151.01,35381.0
151.02,151.21,150.91,151.15,27706.0
151.14,151.14,150.76,151.06,31443.0
151.13,151.555,151.13,151.2,107361.0
150.97,151.115,150.61,150.965,19234.0
150.91,151.38,150.9,151.09,25052.0
151.09,151.09,150.54,150.54,28399.0
150.52,150.88,150.42,150.675,28456.0
150.69,150.94,150.435,150.94,36037.0
150.965,151.06,150.71,151.04,24601.0
151.015,151.05,150.585,150.68,36178.0
151.51,152.135,151.46,152.01,29047.0
152.52,154.16,152.51,154.09,85914.0
154.085,154.09,153.25,153.835,58618.0
153.77,153.925,153.61,153.63,17621.0
153.795,153.885,153.41,153.42,22023.0
153.425,153.45,153.095,153.16,28902.0
153.18,153.285,153.005,153.14,64762.0
153.07,153.385,152.95,153.185,17218.0
153.23,153.23,152.345,152.52,35523.0
152.535,152.535,152.295,152.38,12468.0
152.39,152.48,152.25,152.25,14085.0
152.25,152.25,151.935,152.105,12430.0
152.03,152.15,152.0,152.01,11836.0
152.005,152.005,151.59,151.62,45312.0
151.68,152.36,151.68,152.19,18073.0
152.28,152.545,152.255,152.47,27993.0
152.48,152.535,152.25,152.25,9208.0
152.23,152.58,152.13,152.52,12723.0
152.53,152.545,152.415,152.53,3487.0
152.51,152.82,152.51,152.82,21407.0
152.83,153.32,152.73,153.18,51926.0
153.055,153.38,152.86,153.215,28250.0
153.16,153.27,153.045,153.17,36383.0
153.22,153.35,153.17,153.31,27583.0
153.27,153.31,152.985,153.1,12732.0
153.04,153.12,152.95,153.12,10959.0
153.09,153.34,153.09,153.31,5907.0
153.29,153.39,153.13,153.14,56986.0
153.54,153.57,153.11,153.19,19274.0
153.26,153.33,152.93,153.025,27440.0
153.04,153.365,152.84,153.365,20581.0
153.3,153.475,153.25,153.25,18655.0
153.18,153.37,153.105,153.26,19371.0
153.275,153.345,153.24,153.265,20991.0
153.28,153.52,153.175,153.4,85206.0
153.19,153.27,152.45,152.54,42392.0
152.55,152.55,151.44,151.61,107944.0
151.575,151.88,151.575,151.8,38159.0
151.825,152.04,151.81,151.99,18804.0
151.93,152.19,151.78,152.115,24150.0
152.095,152.095,151.795,151.795,22231.0
151.8,152.075,151.75,152.02,84124.0
150.395,150.53,149.69,150.53,57281.0
150.5,150.68,150.135,150.32,108262.0
150.315,150.375,149.775,149.775,53760.0
149.82,149.96,149.64,149.96,26511.0
149.97,150.39,149.885,150.25,30874.0
150.23,150.42,150.07,150.31,31272.0
150.24,150.57,150.24,150.56,140831.0
150.37,150.6,149.85,149.885,20476.0
149.9,150.2,149.765,150.05,59961.0
150.04,150.125,149.695,149.695,67031.0
149.745,149.745,149.23,149.335,76121.0
149.365,149.53,149.135,149.17,27036.0
149.15,149.465,149.11,149.32,44332.0
149.29,149.85,149.155,149.84,94971.0
150.035,150.27,149.69,150.11,30218.0
150.085,150.88,149.8,150.675,78746.0
150.695,150.96,150.62,150.87,43571.0
150.845,150.96,150.73,150.77,32289.0
150.75,151.09,150.75,151.07,49870.0
151.08,151.125,150.96,151.0,41843.0
151.005,151.51,151.0,151.48,158000.0
151.69,152.05,150.76,151.0,38213.0
150.97,150.97,149.63,149.72,94336.0
149.65,150.17,149.425,149.78,56043.0
149.94,150.15,149.74,150.015,35607.0
150.01,150.13,149.86,150.085,35431.0
150.12,150.78,150.055,150.76,18046.0
150.755,151.1,150.665,150.92,70189.0
151.14,151.14,150.12,150.255,74233.0
150.265,151.205,150.255,151.18,99107.0
151.185,151.53,151.14,151.265,43896.0
151.26,151.285,150.98,151.07,23741.0
151.1,151.21,150.77,150.785,19598.0
150.775,151.1,150.73,151.08,24486.0
151.07,151.285,150.755,151.27,138151.0
150.8,150.8,150.115,150.21,36126.0
150.29,150.315,149.335,149.465,79458.0
149.5,149.575,149.36,149.52,43262.0
149.515,149.86,149.515,149.77,28916.0
149.7,150.065,149.7,150.005,24166.0
150.025,150.2,150.015,150.085,23212.0
150.075,150.42,149.955,150.24,100742.0
150.555,151.565,150.555,151.485,54292.0
151.495,151.82,151.195,151.195,79436.0
151.185,151.24,150.75,151.24,36737.0
151.28,151.4,151.04,151.315,20543.0
151.295,151.48,150.83,151.01,35842.0
150.97,151.15,150.85,151.115,32079.0
151.115,151.385,150.8,151.335,114215.0
151.42,152.665,151.33,152.615,54203.0
152.64,153.255,152.6,152.8,75924.0
152.79,152.975,152.565,152.65,58502.0
152.715,153.07,152.715,153.045,25065.0
153.06,153.095,152.775,152.845,36402.0
152.855,152.95,152.34,152.47,51212.0
152.45,152.995,152.44,152.76,149996.0
152.43,152.81,152.33,152.45,24863.0
152.335,152.46,151.905,152.175,38324.0
152.165,152.24,151.895,151.985,25047.0
152.0,152.07,151.765,151.865,13727.0
151.87,152.04,151.845,152.0,9350.0
152.005,152.29,151.975,152.035,24787.0
151.995,152.015,151.49,151.575,49093.0
151.995,152.24,151.71,152.17,31034.0
152.135,152.68,151.945,152.555,56784.0
152.545,152.575,151.96,152.13,25850.0
152.17,152.405,152.145,152.17,24861.0
152.15,152.35,151.88,152.245,31352.0
152.225,152.265,151.945,152.15,25760.0
152.185,152.35,152.055,152.28,106141.0
152.51,152.67,151.93,152.07,44741.0
152.005,152.07,151.36,151.525,72192.0
151.54,151.74,151.345,151.74,29092.0
151.725,151.77,151.46,151.7,19241.0
151.73,151.875,151.705,151.85,21787.0
151.82,152.04,151.77,151.99,45187.0
152.0,152.06,151.62,151.83,70412.0
151.945,152.5,151.945,152.26,39889.0
152.315,152.315,151.795,151.795,76547.0
151.81,152.02,151.7,151.99,48726.0
152.0,152.025,151.6,151.6,35836.0
151.63,151.82,151.59,151.8,40456.0
152.25,152.69,150.2,151.03,109283.0
151.21,151.485,150.72,151.16,170879.0
151.47,152.065,151.19,152.065,88572.0
152.07,153.02,152.07,152.385,102625.0
152.385,152.535,152.06,152.345,76361.0
152.3,153.02,152.27,153.02,44593.0
152.98,153.08,152.7,152.74,51420.0
152.76,152.86,152.455,152.82,43998.0
152.855,152.935,152.5,152.74,115617.0
153.215,153.215,152.59,152.645,48853.0
152.625,152.785,151.905,152.1,44988.0
152.14,152.38,152.035,152.345,57903.0
152.38,152.735,152.38,152.735,63109.0
152.74,152.805,152.62,152.79,44771.0
152.78,152.92,152.715,152.92,49210.0
152.93,153.45,152.93,153.03,188619.0
152.01,152.14,151.84,152.07,31273.0
152.015,152.295,151.685,152.28,46447.0
152.32,152.52,152.32,152.44,26711.0
152.45,153.02,152.45,153.02,52659.0
153.01,153.1,152.91,152.925,26914.0
152.905,153.075,152.77,153.045,15582.0
153.045,153.235,152.995,153.0,101817.0
153.365,154.185,153.33,154.155,110563.0
154.11,154.25,153.72,153.8,69906.0
153.705,153.73,152.725,152.74,36554.0
152.72,153.065,152.645,153.005,26847.0
153.015,153.185,152.515,152.61,59396.0
152.58,152.92,152.44,152.6,55886.0
152.64,153.185,152.64,153.04,116691.0
153.36,153.68,153.28,153.4,24051.0
153.26,153.43,153.175,153.175,36108.0
153.165,153.165,152.58,152.64,34089.0
152.62,152.76,152.46,152.535,55239.0
152.51,152.71,152.29,152.35,34501.0
152.365,152.565,152.26,152.565,21767.0
152.49,152.595,152.22,152.22,64352.0
151.73,151.74,150.77,151.115,31132.0
151.2,151.69,151.06,151.65,49696.0
151.61,151.65,151.14,151.52,32288.0
151.58,151.64,151.275,151.29,32753.0
151.27,151.4,150.87,150.87,31078.0
150.81,151.39,150.62,151.39,30692.0
151.305,151.41,151.085,151.235,51551.0
152.16,153.0,152.06,152.98,40699.0
153.07,153.2,152.12,152.13,56742.0
152.195,152.605,152.085,152.33,34785.0
152.3,152.53,152.12,152.37,49027.0
152.315,152.525,152.28,152.365,26458.0
152.43,152.495,152.24,152.49,29550.0
152.52,152.645,152.395,152.54,62058.0
153.89,153.89,153.1,153.53,28554.0
153.465,153.54,153.215,153.29,45850.0
153.29,153.355,152.99,153.08,35278.0
153.095,153.135,152.805,152.85,20188.0
152.81,152.9,152.53,152.865,55653.0
152.865,153.015,152.76,152.955,27850.0
152.99,153.15,152.62,153.06,63657.0
152.94,153.295,152.915,153.04,34959.0
153.13,153.29,152.85,153.19,53664.0
153.14,153.405,152.87,153.385,59180.0
153.425,153.655,153.27,153.38,38025.0
153.36,153.36,153.06,153.22,40044.0
153.245,153.74,153.245,153.7,47331.0
153.715,154.38,153.71,154.25,99942.0
153.465,153.77,153.11,153.265,54874.0
153.265,153.96,153.195,153.765,67908.0
153.805,154.105,153.745,154.03,43975.0
154.0,154.01,153.285,153.295,58766.0
153.285,153.655,153.28,153.61,20416.0
153.63,154.035,153.58,153.88,20018.0
153.84,154.03,153.785,153.785,60351.0
153.965,154.77,153.965,154.355,36512.0
154.27,154.29,153.28,153.545,72518.0
153.55,153.795,153.4,153.78,42905.0
153.7,153.83,153.47,153.745,19832.0
153.715,154.02,153.63,154.02,18286.0
154.045,154.29,154.035,154.07,26614.0
154.05,154.27,154.005,154.18,126070.0
154.405,154.49,154.07,154.07,27949.0
154.01,155.17,153.97,155.12,65544.0
155.115,155.245,154.825,155.18,36233.0
155.17,155.405,155.115,155.325,20372.0
155.395,155.4,154.46,154.615,49171.0
154.59,154.88,154.405,154.71,27860.0
154.73,154.8,154.35,154.41,80667.0
154.89,155.42,154.445,154.49,35821.0
154.41,155.14,154.21,155.025,43037.0
155.025,155.265,154.99,155.0,50702.0
154.955,155.14,154.91,155.115,18708.0
155.085,155.33,155.06,155.295,12237.0
155.255,155.355,154.985,154.985,15270.0
154.955,155.24,154.905,155.11,68496.0
155.37,155.73,155.33,155.33,42748.0
155.345,155.455,154.545,154.62,73830.0
154.595,154.6,153.91,153.965,98545.0
153.97,154.245,153.96,154.08,38224.0
154.14,154.335,154.04,154.13,23491.0
154.14,154.21,153.92,154.165,19143.0
154.21,154.39,154.07,154.27,95035.0
154.705,154.705,154.005,154.31,42789.0
154.36,155.03,154.31,154.88,43870.0
154.885,155.75,154.87,155.625,32965.0
155.605,155.79,155.6,155.755,37286.0
155.785,155.79,155.475,155.48,42353.0
155.49,155.56,155.325,155.38,22039.0
155.39,155.725,155.335,155.56,91603.0
155.87,155.94,154.45,154.45,36320.0
154.375,154.59,153.875,154.19,82469.0
154.25,154.255,153.85,154.1,67149.0
154.11,154.11,153.64,153.64,21093.0
153.705,153.765,153.47,153.645,15989.0
153.625,153.65,153.09,153.155,30247.0
153.12,153.5,153.085,153.31,73093.0
153.69,154.14,153.535,153.905,51319.0
153.895,153.895,152.215,152.47,62179.0
152.28,152.76,150.97,151.42,108796.0
151.38,151.84,151.03,151.26,105558.0
151.25,151.77,150.87,151.23,46934.0
151.28,151.45,150.685,150.695,38033.0
150.77,150.875,149.9,149.94,124993.0
151.0,151.72,150.95,151.72,42290.0
151.69,151.825,150.87,150.915,48959.0
150.86,151.695,150.69,151.635,35332.0
151.66,152.025,151.6,152.0,22426.0
152.015,152.04,151.52,151.675,29558.0
151.69,151.98,151.17,151.205,41594.0
151.235,151.58,151.11,151.465,88115.0
150.3,151.25,150.02,151.25,30438.0
151.21,151.965,151.19,151.965,59781.0
151.98,152.99,151.98,152.9,56791.0
152.86,153.72,152.76,153.475,43856.0
153.51,153.825,153.39,153.73,32461.0
153.75,153.88,153.65,153.8,29467.0
153.88,153.91,152.85,153.23,104007.0
153.88,154.39,153.76,154.255,51933.0
154.27,154.64,153.81,153.915,40822.0
153.83,153.945,152.45,152.715,52740.0
152.715,152.84,152.3,152.355,59976.0
152.335,152.56,151.265,152.56,82402.0
152.585,152.785,152.385,152.76,39524.0
152.8,152.86,152.375,152.57,142596.0
153.26,153.27,152.07,152.27,30891.0
152.28,152.545,151.79,152.095,47987.0
152.14,152.82,151.735,151.745,38532.0
151.73,152.04,150.99,151.765,47501.0
151.7,152.075,151.38,151.605,47059.0
151.625,151.635,150.87,151.59,61819.0
151.6,151.69,151.095,151.63,82116.0
151.425,152.35,151.3,151.695,64317.0
151.66,152.165,151.21,151.355,61148.0
151.315,151.945,151.005,151.89,56684.0
151.85,152.01,151.395,151.545,41595.0
151.535,151.615,151.16,151.56,44955.0
151.55,151.98,151.54,151.855,47220.0
151.93,152.15,151.69,151.71,80767.0
152.695,153.33,152.685,152.97,26227.0
153.07,153.6,152.955,153.395,130086.0
153.395,153.41,153.05,153.115,202459.0
153.125,153.47,153.125,153.47,24777.0
153.51,153.77,153.5,153.77,30965.0
153.755,153.81,153.53,153.7,27846.0
153.67,153.835,153.52,153.53,60154.0
153.845,154.46,153.79,154.2,40670.0
154.26,155.42,154.05,155.42,68079.0
155.46,155.6,155.01,155.1,73647.0
155.1,155.3,154.91,154.955,65622.0
154.95,155.15,154.83,155.09,47169.0
155.1,155.21,154.99,155.04,38676.0
154.98,155.13,154.86,154.86,157234.0
155.36,155.435,154.475,154.685,46755.0
154.675,154.675,153.395,153.73,110019.0
153.7,153.79,152.92,153.54,93068.0
153.49,153.63,152.47,153.5,75360.0
153.46,153.46,152.45,152.785,105756.0
152.785,153.07,152.595,152.935,98818.0
152.95,153.16,152.73,152.86,85184.0
153.46,154.62,153.39,154.395,37211.0
154.43,154.5,153.48,154.255,58728.0
154.275,154.275,153.775,154.115,32899.0
154.085,154.355,154.02,154.305,17705.0
154.34,154.62,154.055,154.58,34854.0
154.575,154.935,154.565,154.885,31884.0
154.91,155.005,154.675,154.77,93143.0
155.94,155.94,155.47,155.765,41934.0
155.765,155.96,155.35,155.5,60398.0
155.55,155.675,155.23,155.26,62709.0
155.325,155.35,154.91,155.06,44229.0
155.065,155.305,155.03,155.18,29889.0
155.165,155.26,155.06,155.135,29243.0
155.14,155.165,154.84,154.88,103355.0
155.93,156.02,155.39,155.685,29740.0
155.69,155.89,155.275,155.37,35566.0
155.355,155.55,155.13,155.415,40918.0
155.455,155.465,155.275,155.33,31616.0
155.33,155.405,155.095,155.265,36332.0
155.28,155.42,155.22,155.395,28078.0
155.415,155.86,155.41,155.785,81256.0
155.87,155.93,155.195,155.29,36427.0
155.325,156.255,155.12,155.97,51538.0
156.005,156.05,155.42,155.54,53655.0
155.56,155.87,155.42,155.72,68053.0
155.73,155.83,155.39,155.545,53619.0
155.63,155.65,155.235,155.295,56988.0
155.285,155.285,154.66,154.69,172929.0
154.885,155.88,154.55,155.525,53692.0
155.55,155.87,155.31,155.76,131834.0
155.775,156.15,155.68,155.9,79832.0
155.88,156.26,155.88,156.2,23228.0
156.18,156.18,155.61,155.64,35304.0
155.81,155.935,154.38,155.125,103023.0
155.14,155.43,154.4,155.04,114723.0
154.48,156.37,154.48,156.37,43820.0
156.285,156.985,155.905,156.645,62396.0
156.675,156.93,155.78,155.78,35446.0
155.85,156.03,155.54,155.54,41110.0
155.525,155.8,155.335,155.645,34679.0
155.64,155.68,155.205,155.265,40225.0
155.245,155.265,154.565,154.67,116971.0
154.6,155.315,154.45,155.26,45443.0
155.255,155.58,155.06,155.215,62619.0
155.23,155.35,154.695,154.795,46547.0
154.75,154.895,154.42,154.465,42468.0
154.47,154.715,154.305,154.705,29676.0
154.75,155.19,154.75,155.19,36995.0
155.19,155.62,155.03,155.06,161386.0
154.88,154.955,153.71,153.955,45153.0
153.945,154.225,153.27,154.2,81280.0
154.19,154.535,154.095,154.52,60019.0
154.485,154.575,154.165,154.39,69146.0
154.36,154.49,154.29,154.45,36502.0
154.5,154.755,154.39,154.485,38145.0
154.505,154.58,154.265,154.39,134081.0
152.59,152.79,151.81,152.76,57149.0
152.74,152.965,152.435,152.67,85299.0
152.805,152.91,152.32,152.9,49779.0
152.87,152.99,152.375,152.45,53076.0
152.43,152.71,152.365,152.43,57570.0
152.44,152.765,152.25,152.31,46578.0
152.32,152.8,152.29,152.59,133108.0
152.09,153.2,152.09,153.0,83190.0
152.97,153.545,152.775,152.955,65677.0
152.92,153.39,152.505,153.27,46802.0
153.31,154.015,153.265,153.825,83683.0
153.82,154.03,153.605,153.695,80110.0
153.61,153.845,153.525,153.735,34495.0
153.72,153.955,153.19,153.19,132760.0
153.24,153.76,153.005,153.025,40250.0
153.02,153.49,152.66,152.885,101551.0
152.865,152.96,152.44,152.455,80436.0
152.53,152.89,152.225,152.645,55302.0
152.635,152.935,152.295,152.825,48316.0
152.795,153.095,152.725,152.965,40281.0
152.895,153.255,152.49,152.61,113029.0
152.02,152.08,151.15,152.045,75145.0
151.935,152.285,151.47,151.88,100423.0
151.805,151.965,151.38,151.59,84938.0
151.535,152.1,151.36,152.1,38405.0
152.095,152.59,151.99,152.59,56911.0
152.53,153.52,152.53,153.51,51543.0
153.51,153.53,153.08,153.32,142278.0
154.015,154.23,153.18,153.18,107722.0
153.155,153.345,152.555,152.845,100863.0
152.77,153.23,152.53,153.225,68591.0
153.22,154.005,153.22,154.005,42538.0
153.99,154.215,153.94,154.19,90040.0
154.19,154.53,154.13,154.385,53381.0
154.465,154.615,154.18,154.23,126572.0
154.205,154.41,153.435,153.89,38707.0
153.86,153.87,153.36,153.745,61042.0
153.79,154.03,153.555,153.9,45160.0
153.88,154.385,153.825,154.36,45111.0
154.335,154.68,154.335,154.55,38766.0
154.54,154.65,154.4,154.48,72262.0
154.51,154.55,154.14,154.25,106307.0
154.49,155.51,154.32,155.51,74984.0
155.475,155.475,154.735,154.93,111029.0
154.93,155.11,154.79,154.94,89448.0
154.96,155.06,154.77,155.025,63470.0
155.045,155.055,154.61,154.68,97652.0
154.675,154.71,154.36,154.59,75634.0
154.59,154.815,154.31,154.4,106402.0
154.295,154.78,153.52,153.52,72438.0
153.55,154.04,152.77,153.05,184720.0
153.02,153.21,152.73,152.99,156190.0
152.96,153.25,152.785,152.82,107276.0
152.845,152.92,152.265,152.48,163908.0
152.52,152.555,151.815,152.04,111810.0
152.035,152.365,151.68,152.04,239200.0
151.11,152.19,150.8,151.955,131013.0
151.92,152.395,151.48,152.275,255649.0
152.27,152.845,151.92,152.755,145465.0
152.755,152.84,152.275,152.48,96261.0
152.435,152.56,151.94,152.17,79108.0
152.22,152.495,152.0,152.47,74011.0
152.44,152.58,151.87,152.065,164187.0
151.935,152.25,151.78,151.91,68015.0
151.92,152.28,151.67,151.68,106568.0
151.68,152.045,151.18,152.0,131728.0
152.025,152.05,151.42,151.425,70116.0
151.43,151.54,150.94,150.955,86039.0
150.9,150.93,150.045,150.065,190712.0
150.03,150.63,149.89,150.545,270984.0
149.705,150.7,149.605,149.735,102396.0
149.74,150.095,149.1,149.345,215927.0
149.295,150.43,149.205,150.08,208490.0
150.08,150.665,149.31,150.49,153861.0
150.55,150.74,150.27,150.345,157566.0
150.355,150.66,150.17,150.6,141466.0
150.56,150.735,149.785,149.83,285539.0
150.025,150.57,149.605,150.54,56979.0
150.495,150.735,149.87,150.01,100273.0
150.01,150.18,149.78,150.18,77770.0
150.185,150.35,149.7,150.18,95898.0
150.18,150.85,150.18,150.61,67372.0
150.57,150.59,149.86,150.37,64555.0
150.35,150.835,150.32,150.35,140110.0
152.22,152.72,151.95,152.475,106710.0
152.54,152.565,151.545,151.545,109032.0
151.555,151.555,148.88,148.93,209121.0
148.88,149.42,148.19,148.47,294133.0
148.36,149.53,147.84,148.005,172643.0
147.99,148.92,147.81,148.915,176978.0
148.88,148.88,147.72,147.79,301199.0
148.365,148.38,147.135,147.98,99278.0
148.04,148.81,147.93,148.28,368228.0
148.295,149.92,147.85,149.905,192686.0
149.93,150.15,149.615,149.885,167915.0
149.92,150.27,149.15,149.92,151318.0
149.94,150.28,149.66,149.84,149870.0
149.83,149.94,149.28,149.65,300007.0
149.54,149.885,148.94,149.56,66984.0
149.675,150.28,149.24,150.23,100000.0
150.245,150.6,150.17,150.22,99734.0
150.32,150.49,150.08,150.45,63742.0
150.43,150.51,150.28,150.38,41359.0
150.395,150.49,149.895,149.895,67955.0
149.905,150.335,149.905,150.0,169478.0
150.37,151.1,149.32,150.22,107581.0
150.2,151.18,149.85,150.885,130044.0
150.925,151.38,150.74,151.37,69847.0
151.375,151.765,151.36,151.64,100923.0
151.68,151.82,151.62,151.75,41952.0
151.73,151.91,151.53,151.89,46870.0
151.89,152.17,151.89,151.915,187570.0
151.97,152.66,151.9,152.4,35027.0
152.35,152.93,152.34,152.85,62072.0
152.85,153.22,152.79,153.165,48290.0
153.19,153.305,152.99,153.18,27593.0
153.215,153.35,152.925,153.22,64731.0
153.22,153.57,153.22,153.36,37663.0
153.34,153.5,152.78,152.79,109162.0
153.12,153.13,152.79,153.115,31341.0
153.19,153.6,153.13,153.51,48241.0
153.52,153.86,153.52,153.795,52930.0
153.785,153.855,153.545,153.68,96240.0
152.505,152.985,152.35,152.91,54534.0
152.93,152.935,152.175,152.6,123005.0
152.6,152.795,152.405,152.615,57525.0
152.605,152.855,152.45,152.765,58115.0
152.765,152.95,152.74,152.85,42594.0
152.83,152.83,152.06,152.12,76744.0
152.11,152.14,151.37,151.5,178860.0
152.3,152.38,151.725,152.18,46528.0
152.16,152.4,151.715,152.305,71778.0
152.31,152.505,151.975,152.1,103252.0
152.14,152.66,152.14,152.28,54020.0
152.24,152.595,152.24,152.465,33424.0
152.565,152.945,152.545,152.91,56593.0
152.92,153.205,152.74,152.74,207325.0
152.965,152.965,152.575,152.73,47244.0
152.85,153.17,152.64,153.17,145904.0
153.2,153.55,153.18,153.26,67820.0
153.255,153.64,153.255,153.605,48730.0
153.625,153.93,153.605,153.87,51687.0
153.89,154.005,153.885,153.955,43047.0
153.96,154.25,153.94,154.2,137023.0
154.25,154.69,154.15,154.425,81546.0
154.46,155.275,154.39,155.2,114357.0
155.18,155.35,154.85,155.245,137390.0
155.22,155.45,155.065,155.35,78664.0
155.345,155.46,155.18,155.365,76895.0
155.38,155.41,154.82,154.965,77499.0
154.96,155.0,154.7,154.99,120461.0
