ticker,gp,gl,trades,tot_ret,maxdd,num_neg_trades,profit_factor_raw,profit_factor_eff,profit_factor_diag,zero_loss,pf_capped,gl_per_trade,atr_pct_med,score,stability,coverage
MAR,0.19580784454019054,0.08462149601340022,8,0.10425051291227216,-0.0820764723854126,4,2.313925583508751,2.313925583508751,2.313925583508751,0,0,0.010577687001675027,0.020798632390413786,0.3411006450402527,0.9892258147093456,0.03187250996015936
DDOG,0.17351639024072105,0.0,2,0.1761366095688608,-1.000088900582341e-12,0,1000000000.0,1000.0,5.0,1,1,0.0,0.03584875710339988,0.0,0.9895087791147008,0.00796812749003984
NVT,0.24099122716260485,0.010619379770070606,3,0.23665225201681128,-0.010619379770898552,1,22.693531296602508,22.693531296602508,5.0,0,1,0.003539793256690202,0.030306104600314587,0.0,0.9866823811721923,0.01195219123505976
APH,0.18263802801375176,0.03987874544228148,4,0.13635594598919099,-0.03890735170690596,2,4.579833843521807,4.579833843521807,4.579833843521807,0,0,0.00996968636057037,0.027276668909321778,0.38550360254937294,0.987893724263251,0.01593625498007968
ASML,0.35663533320891855,0.023985054887142337,6,0.36906483837081927,-0.01637780899748531,2,14.86906471079622,14.86906471079622,5.0,0,1,0.003997509147857056,0.025928118476119512,0.3819052505604028,0.9867909140021015,0.02390438247011952
UTHR,0.05006455590432257,0.019841946496625296,4,0.0297823135435471,-0.019747141256671763,2,2.523167568909508,2.523167568909508,2.523167568909508,0,0,0.004960486624156324,0.026636324910880384,0.35522786369327974,0.9971627687905659,0.01593625498007968
BBIO,0.163197782972231,0.049717778758780154,5,0.11404534902536723,-0.03322745210276834,2,3.28248339017781,3.28248339017781,3.28248339017781,0,0,0.00994355575175603,0.036031068504652757,0.3805596657556901,0.9928825848984347,0.0199203187250996
NKE,0.08113660490008603,0.06568617673865887,5,0.013201921118840332,-0.06471574900233312,2,1.235215823610784,1.235215823610784,1.235215823610784,0,0,0.013137235347731775,0.02851376419084325,0.2275780485985403,0.9954243588244317,0.0199203187250996
ARKF,0.0430324371205549,0.15766364782936806,7,-0.11198289934427419,-0.11198289934516226,6,0.27293823093023245,0.27293823093023245,0.27293823093023245,0,0,0.022523378261338295,0.02267023346303446,0.16773478201594716,0.9939829106604405,0.027888446215139442
TD,0.06368576039456009,0.03214200748094497,5,0.030775897832355348,-0.019691838483128166,2,1.9813871436722015,1.9813871436722015,1.9813871436722015,0,0,0.006428401496188995,0.013359537847656342,0.3120285883493441,0.9966388411202183,0.0199203187250996
GLD,0.07780458079972873,0.06133297739543342,7,0.014771459888711869,-0.04421245399605911,4,1.2685603097025209,1.2685603097025209,1.2685603097025209,0,0,0.008761853913633346,0.011141743274578546,0.22937680470640942,0.9959301134310864,0.028
AMG,0.12522218475806082,0.043321878544773866,4,0.0792045060984976,-0.028838580952128767,2,2.890506805438773,2.890506805438773,2.890506805438773,0,0,0.010830469636193467,0.020182153392330298,0.3722019214857518,0.9926775043531963,0.01593625498007968
BABA,0.25309343245549554,0.09057105987321473,5,0.1577771854565333,-0.08059887675242916,2,2.794418358466674,2.794418358466674,2.794418358466674,0,0,0.018114211974642948,0.03474279074680449,0.3707529285583628,0.9877177892650598,0.0199203187250996
REGN,0.26437106351636136,0.15075386147940095,10,0.10553974396996013,-0.06973539708253562,4,1.75366031040263,1.75366031040263,1.75366031040263,0,0,0.015075386147940096,0.028301022045006608,0.2874958900281322,0.9888820185159313,0.0398406374501992
PTCT,0.029329809575014455,0.1746062155118966,6,-0.14081316976499547,-0.16293904186386599,3,0.1679768929704344,0.1679768929704344,0.1679768929704344,0,0,0.02910103591864943,0.034648786717751796,0.16707136119768143,0.992588822314928,0.02390438247011952
ASC,0.18463208465128922,0.11793635016957338,8,0.061077731509697974,-0.06083076592662584,4,1.5655231350284977,1.5655231350284977,1.5655231350284977,0,0,0.014742043771196672,0.030290076335875542,0.2656227970420655,0.9917775249488594,0.03187250996015936
HTHT,0.10844223823580114,0.11422931033715729,5,-0.012814841718391756,-0.07768972083963854,3,0.9493381157228812,0.9493381157228812,0.9493381157228812,0,0,0.022845862067431458,0.02506417112299397,0.20330293774620062,0.9919074484318228,0.0199203187250996
BAC,0.18529334084791374,0.09677732952688038,6,0.08157643015203253,-0.03887931743634265,3,1.9146358114422615,1.9146358114422615,1.9146358114422615,0,0,0.01612955492114673,0.019040966584858997,0.3071867887271127,0.9902483000351938,0.02390438247011952
PTGX,0.17842938981547624,0.0764682536237128,4,0.09412233154409888,-0.04075555555642163,2,2.3333786422467124,2.3333786422467124,2.3333786422467124,0,0,0.0191170634059282,0.03381017069281164,0.3472195838544116,0.9892698445671432,0.01593625498007968
ARKK,0.11993800971811962,0.19248696740185797,8,-0.07860780604059925,-0.1530600850237499,5,0.6230967807172275,0.6230967807172275,0.6230967807172275,0,0,0.024060870925232247,0.03117033603707959,0.18148206109538056,0.9908411509128987,0.03187250996015936
PBR,0.0024886655285928172,0.06829376345578811,8,-0.06450750169393737,-0.06491331709189962,5,0.03644059724727171,0.03644059724727171,0.03644059724727171,0,0,0.008536720431973514,0.02380139643134026,0.15748484551332104,0.9972271189185256,0.03187250996015936
JNJ,0.1793408420204939,0.05288757303858476,9,0.12971329680974653,-0.05088962422555987,4,3.3909826395258045,3.3909826395258045,3.3909826395258045,0,0,0.005876397004287196,0.015171299794179641,0.38007215433901576,0.9935910337375122,0.035856573705179286
TARS,0.3850116201283166,0.12404249411432629,7,0.2642489603631051,-0.07578206514495767,4,3.1038687417350928,3.1038687417350928,3.1038687417350928,0,0,0.017720356302046613,0.03618639667705041,0.37762681206169946,0.9841486092549637,0.027888446215139442
SN,0.4196300704443411,0.118699487393611,5,0.30931434357312715,-0.11518806227451972,2,3.535230687667887,3.535230687667887,3.535230687667887,0,0,0.0237398974787222,0.036651858272835215,0.3866949696215766,0.9827675757965587,0.0199203187250996
BLOK,0.13171610593407634,0.15892564744418985,6,-0.03424469523401319,-0.14981988437092364,4,0.8287907461904869,0.8287907461904869,0.8287907461904869,0,0,0.026487607907364975,0.030595538312317535,0.19553070385062654,0.9916860438541243,0.02390438247011952
LVS,0.31192204470357676,0.03434481740912466,3,0.2901443796399734,-0.03434481740994966,1,9.08207025787553,9.08207025787553,5.0,0,1,0.01144827246970822,0.027077205882352334,0.0,0.9851617068397586,0.01195219123505976
SPY,0.07610453454362492,0.027759452968191746,5,0.04751610316747157,-0.01654552943448917,2,2.7415718397199518,2.7415718397199518,2.7415718397199518,0,0,0.005551890593638349,0.010808845804301729,0.36537336579013446,0.9957757176314386,0.0199203187250996
LGND,0.07799617619017563,0.07177530255840195,4,0.0026340434098566234,-0.07048890843355637,2,1.0866715069116133,1.0866715069116133,1.0866715069116133,0,0,0.017943825639600487,0.02604453460851075,0.21421489304238187,0.9942655653043161,0.01593625498007968
ALNY,0.15788545481922778,0.09272938464052971,5,0.05356128622393186,-0.09052744582473748,3,1.702647498754348,1.702647498754348,1.702647498754348,0,0,0.018545876928105942,0.03282743707726729,0.2830837013792964,0.9888429463811947,0.0199203187250996
JPM,0.12994021706220985,0.08356971767759108,6,0.04057964232504485,-0.04599310299802328,3,1.5548720358672798,1.5548720358672798,1.5548720358672798,0,0,0.013928286279598514,0.01952896671649525,0.2640618637294259,0.992140341859462,0.02390438247011952
SCHD,0.036951733118744876,0.09012373872161153,8,-0.05277128724126956,-0.05277128724221691,6,0.41001109855070744,0.41001109855070744,0.41001109855070744,0,0,0.011265467340201441,0.010465031124129984,0.1687092203532414,0.9969447993102166,0.03187250996015936
FROG,0.24216571833856088,0.16609227848678437,7,0.06069082686945371,-0.0946292455455886,4,1.458019123735662,1.458019123735662,1.458019123735662,0,0,0.02372746835525491,0.03682145716573183,0.25508522985109994,0.9873340715439319,0.027888446215139442
AIQ,0.11802947883508827,0.018757961127342085,4,0.09896030105210318,-0.01875796112823458,1,6.292233896521167,6.292233896521167,5.0,0,1,0.004689490281835521,0.01618753855644626,0.38530723259805116,0.9931791143573384,0.01593625498007968
SNOW,0.1450214767224736,0.1940387966248429,5,-0.06174625359756447,-0.1805797834576104,4,0.7473839213858864,0.7473839213858864,0.7473839213858864,0,0,0.038807759324968584,0.03493392412935309,0.19404919642148388,0.9882884910475824,0.0199203187250996
AER,0.27766412888545705,0.004549351973205173,6,0.29977722282214603,-0.004549351974200699,1,61.03377591376674,61.03377591376674,5.0,0,1,0.0007582253288675288,0.015993156265276066,0.3815221638095923,0.9898945230952527,0.02390438247011952
JKHY,0.033494118901182125,0.12690031047740913,9,-0.09124784669593089,-0.09367670939065742,6,0.26394040152600545,0.26394040152600545,0.26394040152600545,0,0,0.014100034497489903,0.01755295689943192,0.16457592501635834,0.9955240640213989,0.035856573705179286
RCL,0.29734516659195365,0.12519763692327782,6,0.16050306903088196,-0.11990963526875531,4,2.375006221356792,2.375006221356792,2.375006221356792,0,0,0.020866272820546303,0.03168839592657445,0.3492243350677568,0.985053468188101,0.02390438247011952
TEVA,0.43351900721902237,0.11131530675577095,6,0.33642389448646837,-0.04489537666397048,3,3.894513880019895,3.894513880019895,3.894513880019895,0,0,0.018552551125961825,0.030417940876654913,0.38603473556342527,0.9824525562211928,0.02390438247011952
CX,0.16248658771106977,0.0794482378402619,6,0.07824031950281873,-0.04405366245252973,3,2.045188063676934,2.045188063676934,2.045188063676934,0,0,0.013241372973376984,0.025522682445756853,0.31999535082775465,0.9915246731117021,0.02390438247011952
GE,0.2099876702412377,0.060062410363371066,5,0.1501224139151196,-0.03833812262499925,2,3.496157895942489,3.496157895942489,3.496157895942489,0,0,0.012012482072674214,0.023104900316750426,0.383202298919379,0.9902592845409152,0.0199203187250996
XBI,0.008231265167528794,0.06198308619197472,4,-0.05329005565416889,-0.05329005565511569,2,0.13279856930703363,0.13279856930703363,0.13279856930703363,0,0,0.01549577154799368,0.0214808496811663,0.16221465222442077,0.9970191490938746,0.01593625498007968
IYW,0.12084638647137023,0.038182662144530435,4,0.07849660766474775,-0.037783749244095444,3,3.1649544501097906,3.1649544501097906,3.1649544501097906,0,0,0.009545665536132609,0.014998556720869754,0.3777982447153605,0.9917479415996348,0.01593625498007968
STX,0.5986519146501577,0.0,4,0.7218840301397595,-1.000088900582341e-12,0,1000000000.0,1000.0,5.0,1,1,0.0,0.032791495198902246,0.4332014777553984,0.976646025081172,0.01593625498007968
RY,0.06531067540460396,0.0537356167474093,5,0.009937830320154939,-0.027079128797242835,3,1.2154075705803211,1.2154075705803211,1.2154075705803211,0,0,0.010747123349481861,0.01105585189833692,0.22460241239771683,0.9960775854261799,0.0199203187250996
DELL,0.00035397210430573476,0.08140464063187605,4,-0.07917819183652175,-0.07917819183744268,3,0.004348303752195769,0.004348303752195769,0.004348303752195769,0,0,0.020351160157969013,0.035961181434598866,0.16133559006660264,0.9964638838332553,0.01593625498007968
TK,0.3095793977491705,0.03345806451612912,5,0.2996250825421174,-0.033458064517095765,1,9.252758706348109,9.252758706348109,5.0,0,1,0.006691612903225824,0.02772753291356294,0.3842763210793394,0.9885385605793,0.0199203187250996
MRK,0.12461559268687698,0.16581816435078472,8,-0.04878004357981469,-0.14294365035765177,6,0.7515195526061632,0.7515195526061632,0.7515195526061632,0,0,0.02072727054384809,0.024024957181306282,0.187608624272755,0.9909702064222018,0.03187250996015936
WWD,0.1555155524151175,0.06266824864618394,6,0.08794943183859294,-0.03470515464014068,3,2.4815685099664475,2.4815685099664475,2.4815685099664475,0,0,0.010444708107697322,0.022465982002741223,0.35307818367505667,0.990961459481464,0.02390438247011952
ARGX,0.026310380437978734,0.11308771106802681,6,-0.08522740999460576,-0.0995324691461551,4,0.23265463762151822,0.23265463762151822,0.23265463762151822,0,0,0.018847951844671137,0.023503169358612547,0.16559714625532587,0.9955119783887162,0.02390438247011952
RVMD,0.24661516140259304,0.05966784026216994,5,0.18673163474091226,-0.05853906216441096,3,4.133133700147511,4.133133700147511,4.133133700147511,0,0,0.011933568052433988,0.03540526315789378,0.38566723763590943,0.9876966119062239,0.0199203187250996
PALL,0.2373554461120384,0.11478620117810694,9,0.11816051002028494,-0.049388554799389306,4,2.067804698438866,2.067804698438866,2.067804698438866,0,0,0.012754022353122993,0.022359361047722758,0.321292726539812,0.9899457172698763,0.035856573705179286
M,0.20661231685856235,0.1609711809623975,9,0.03404299479986772,-0.10121985798949629,4,1.2835360691478466,1.2835360691478466,1.2835360691478466,0,0,0.01788568677359972,0.03566804979252816,0.2328104665128517,0.9894322477174617,0.035856573705179286
VTR,0.004670249620122363,0.10598126668616648,7,-0.0977099087059008,-0.09770990870680318,5,0.0440667465690138,0.0440667465690138,0.0440667465690138,0,0,0.01514018095516664,0.016170809432759507,0.1599862384368309,0.996378778801692,0.027888446215139442
F,0.23305319143607509,0.06557528779639134,8,0.1699176836692724,-0.05107894842403082,4,3.553978934254867,3.553978934254867,3.553978934254867,0,0,0.008196910974548917,0.023725490196076313,0.3814935870696213,0.9900663043546906,0.03187250996015936
XLK,0.16191711404778683,0.07563223877274575,4,0.07952114394419763,-0.055220391341099906,2,2.140847827264556,2.140847827264556,2.140847827264556,0,0,0.018908059693186437,0.01789921016483508,0.33170885256168703,0.9904088108204208,0.01593625498007968
JAZZ,0.22536086104246245,0.08606040250130469,6,0.13675874325297932,-0.08464048313924621,3,2.6186359172448204,2.6186359172448204,2.6186359172448204,0,0,0.014343400416884115,0.025302121433796454,0.3621770610633485,0.9898904459674263,0.02390438247011952
AMAT,0.4280489750341665,0.042501967811603404,5,0.4338618743143743,-0.04250196781240334,1,10.071274274442075,10.071274274442075,5.0,0,1,0.008500393562320682,0.03398310916484184,0.3834317141846164,0.9846034142029789,0.0199203187250996
SU,0.20035038936749636,0.08774755041022272,9,0.11115351007170915,-0.03906581754114535,4,2.2832590588666193,2.2832590588666193,2.2832590588666193,0,0,0.009749727823358081,0.020194323702377358,0.33947538627476215,0.9918321853844255,0.035856573705179286
SBGI,0.26241294870042786,0.09941379196671166,8,0.16197521566067907,-0.08145803228537163,4,2.6396030521428644,2.6396030521428644,2.6396030521428644,0,0,0.012426723995838957,0.03544436146377631,0.36172757642471903,0.9890477952111847,0.03187250996015936
LUV,0.4163177694607272,0.0497225397247087,8,0.41366268333155776,-0.04972253972543961,1,8.372817876272835,8.372817876272835,5.0,0,1,0.006215317465588587,0.030822311673374615,0.38290308813472845,0.9862176799386592,0.03187250996015936
bidu,0.17778392032385854,0.1856099630476722,10,-0.02107009981322361,-0.15522758644546608,5,0.9578360848991516,0.9578360848991516,0.9578360848991516,0,0,0.018560996304767218,0.03623120513789168,0.20100361926673402,0.9887635117393171,0.0398406374501992
ICE,0.09566146024523511,0.0,3,0.09829929824817119,-1.000088900582341e-12,0,1000000000.0,1000.0,5.0,1,1,0.0,0.01485707672723059,0.0,0.9958197840505449,0.01195219123505976
IQV,0.10999816990526468,0.11687037547610588,8,-0.01297189193825854,-0.10097277249440473,3,0.9411980534601241,0.9411980534601241,0.9411980534601241,0,0,0.014608796934513234,0.025938577414734904,0.1992645395868478,0.9925307392340127,0.03187250996015936
UHS,0.11838603182624498,0.05040156717894739,5,0.06602131812372658,-0.033235175880363954,3,2.3488561656411058,2.3488561656411058,2.3488561656411058,0,0,0.010080313435789478,0.027130756717338726,0.3454690408473947,0.9938864764886689,0.0199203187250996
DINO,0.15781891050596697,0.10621291360424122,7,0.043974954235312724,-0.08809871817242187,5,1.4858730934923252,1.4858730934923252,1.4858730934923252,0,0,0.01517327337203446,0.029272475795296533,0.2558139293236976,0.9910294293971672,0.027888446215139442
GS,0.14032599774441293,0.05474730404980053,5,0.08211256870730699,-0.04674255428119367,2,2.563158134997228,2.563158134997228,2.563158134997228,0,0,0.010949460809960105,0.021934679371941008,0.3584737953428597,0.992102742534532,0.0199203187250996
NTRA,0.18015821985025368,0.09211124600026495,6,0.08043206952160631,-0.07005654514649418,2,1.9558764827666697,1.9558764827666697,1.9558764827666697,0,0,0.015351874333377492,0.0327498063516652,0.31118613141980717,0.990035171371022,0.02390438247011952
GOOGL,0.10094071691955571,0.00486842030427972,5,0.09820919837904052,-0.0048684203052581365,1,20.733772067876096,20.733772067876096,5.0,0,1,0.000973684060855944,0.025997324909644418,0.38415318063793336,0.9952864267862124,0.0199203187250996
EQNR,0.12265650550851726,0.17486592870622847,9,-0.057525811914867386,-0.16310128029638427,7,0.701431699222425,0.701431699222425,0.701431699222425,0,0,0.019429547634025386,0.022283737024220523,0.18434342733144932,0.9920183620189336,0.035856573705179286
XPEL,0.4029161241434645,0.10365891204586646,6,0.3076702270860123,-0.06614098453178141,3,3.8869414717104522,3.8869414717104522,3.8869414717104522,0,0,0.017276485340977744,0.032175835609311136,0.3854172529414367,0.9827554614311795,0.02390438247011952
CAT,0.22955771545888803,0.06487737194209706,5,0.16667918186490693,-0.03460093383776419,2,3.5383325277689717,3.5383325277689717,3.5383325277689717,0,0,0.012975474388419412,0.023836817642963283,0.3840856018059301,0.9900893638842583,0.0199203187250996
NVDA,0.24538156575570388,0.2172606164185401,7,-0.0015545132204326517,-0.10970482223708677,4,1.1294341781806896,1.1294341781806896,1.1294341781806896,0,0,0.031037230916934302,0.031073130649137044,0.2200645134180426,0.9830521483757914,0.027888446215139442
LLY,0.13864186323440064,0.12387769035946121,10,0.007345424756345809,-0.1031779576413584,6,1.1191834690499767,1.1191834690499767,1.1191834690499767,0,0,0.012387769035946121,0.026254885851569654,0.21391690873942423,0.9916643210908299,0.0398406374501992
AMX,0.11048511821103703,0.1012448861622652,5,0.002083369942181168,-0.0533896618297629,4,1.0912661606825507,1.0912661606825507,1.0912661606825507,0,0,0.020248977232453037,0.01923389437028325,0.21478174288912166,0.9917864509119346,0.0199203187250996
LMT,0.020205273172057597,0.20446001478916673,6,-0.17482328502434896,-0.1748232850251742,5,0.09882261425488349,0.09882261425488349,0.09882261425488349,0,0,0.034076669131527786,0.019673623301475797,0.16721912936405586,0.9918911837245469,0.02390438247011952
INCY,0.17814207505618312,0.15924693519070904,9,0.009934713223114233,-0.054085768334111495,5,1.1186530832938535,1.1186530832938535,1.1186530832938535,0,0,0.017694103910078782,0.027744294909303302,0.21596397694458208,0.9908896135859403,0.035856573705179286
META,0.20759657981304494,0.08879460323127364,5,0.10541861140684916,-0.08622091786594932,3,2.3379414092581814,2.3379414092581814,2.3379414092581814,0,0,0.017758920646254728,0.024978688424770096,0.34553112572499683,0.9864566875815356,0.0199203187250996
EIS,0.13346358027808541,0.0,5,0.1402167859980934,-1.000088900582341e-12,0,1000000000.0,1000.0,5.0,1,1,0.0,0.010706938939340611,0.4427230540076177,0.9954866451831144,0.0199203187250996
GM,0.10950926723685199,0.09143551397898832,6,0.012731328630076977,-0.0852349132392447,3,1.1976666666085234,1.1976666666085234,1.1976666666085234,0,0,0.015239252329831386,0.024737215909090487,0.22364610797830245,0.9929874210318715,0.02390438247011952
CTSH,0.18969801691703972,0.027385923860972966,5,0.16647207727279212,-0.02738363668291177,2,6.926843800488831,6.926843800488831,5.0,0,1,0.005477184772194593,0.020151471849099427,0.38481421000953175,0.9911544628336777,0.0199203187250996
TSM,0.30566275893981276,0.06335751218325333,6,0.2546346461203455,-0.043601420525185786,3,4.824412266310633,4.824412266310633,4.824412266310633,0,0,0.010559585363875556,0.028402385942285915,0.3861159553363944,0.9879725155585392,0.02390438247011952
PBBK,0.016049050062251588,0.008581907561848866,5,0.007414649091907144,-0.007369227646514154,3,1.8701028817413665,1.8701028817413665,1.8701028817413665,0,0,0.0017163815123697732,0.0036205128205126294,0.2984510142525363,0.9991438794643941,0.020080321285140562
TJX,0.04061112189710166,0.10043508340450846,6,-0.0598150430228338,-0.0803693929425644,5,0.40435195073755126,0.40435195073755126,0.40435195073755126,0,0,0.016739180567418077,0.015331248636462683,0.17039224103433886,0.9959121547150747,0.02390438247011952
AXSM,0.17796643099756213,0.05476165377234083,6,0.12144934745136804,-0.054410974425597725,3,3.249836678370183,3.249836678370183,3.249836678370183,0,0,0.009126942295390138,0.03013367894834268,0.37871677017896116,0.991022347520761,0.02390438247011952
FDN,0.12132572366048225,0.05165954964412646,6,0.06708550445492101,-0.05069605810437805,4,2.3485633246180773,2.3485633246180773,2.3485633246180773,0,0,0.008609924940687743,0.01471505131528245,0.34439527802713366,0.9933256735130436,0.02390438247011952
NFLX,0.1336711358083946,0.205036884805844,7,-0.08296683781425696,-0.17188718828345684,6,0.6519370206729979,0.6519370206729979,0.6519370206729979,0,0,0.029290983543692,0.025512031100458188,0.18432865563317205,0.9882552192178644,0.027888446215139442
IMO,0.21248246533875476,0.03262848855689894,6,0.1874377060966872,-0.032529728173169015,2,6.512176160664593,6.512176160664593,5.0,0,1,0.005438081426149824,0.021454273725354713,0.38488046004399223,0.9913405097866332,0.02390438247011952
NRIM,0.10481505499591114,0.09448831910739208,5,0.006166957471787082,-0.05994861073163449,3,1.1092911376355636,1.1092911376355636,1.1092911376355636,0,0,0.018897663821478415,0.02122890523582773,0.2166683418686701,0.9938308702388554,0.0199203187250996
SIMO,0.36473911104669554,0.16691994083108885,6,0.18410207935592293,-0.1092747834897323,3,2.18511406864076,2.18511406864076,2.18511406864076,0,0,0.02781999013851481,0.036147791164658036,0.33734375335587746,0.9834757529212463,0.02390438247011952
MLI,0.23955765359106856,0.03746610444416147,4,0.2114571020797562,-0.037466104445124104,1,6.393983499087801,6.393983499087801,5.0,0,1,0.009366526111040368,0.019136974037600566,0.3866072745675003,0.9902263112091394,0.01593625498007968
ACWX,0.1185264147627266,0.022020826570871427,6,0.09826201463285611,-0.021903235383445963,2,5.382468926916224,5.382468926916224,5.0,0,1,0.0036701377618119043,0.008607172643869742,0.38553806253890677,0.9949325575953409,0.02390438247011952
EGO,0.2242527331506538,0.0,5,0.2381596554127563,-1.000088900582341e-12,0,1000000000.0,1000.0,5.0,1,1,0.0,0.033785279468731756,0.43997176488826756,0.9899079670136792,0.0199203187250996
AEM,0.2670691459376169,0.10022197557552265,8,0.165787704202919,-0.056022048822054527,2,2.6647763068326857,2.6647763068326857,2.6647763068326857,0,0,0.012527746946940331,0.029322420048940766,0.3628352750694121,0.9888071672232924,0.03187250996015936
IBM,0.1172071538879895,0.11587811975931493,7,-0.005705830993062322,-0.05132710048027045,4,1.0114692414015263,1.0114692414015263,1.0114692414015263,0,0,0.01655401710847356,0.023677296761401095,0.2058518481645032,0.9919315853044129,0.027888446215139442
CRS,0.1084762385102863,0.12035757854197718,6,-0.0197335244849548,-0.06658806275927698,4,0.9012829921005181,0.9012829921005181,0.9012829921005181,0,0,0.020059596423662864,0.03469478405243964,0.1980589314845214,0.9914063022369395,0.02390438247011952
XME,0.1142140755312956,0.0,4,0.11908298841862086,-1.000088900582341e-12,0,1000000000.0,1000.0,5.0,1,1,0.0,0.024712525667350934,0.4430065355540361,0.9960713758682552,0.01593625498007968
RTX,0.13660062610995283,0.04168752495201844,6,0.09492685267881407,-0.041687524952934374,1,3.2767746770089516,3.2767746770089516,3.2767746770089516,0,0,0.006947920825336407,0.018755915232151303,0.3791818473554891,0.9937817511319434,0.02390438247011952
AXP,0.31815250002628614,0.06778475804729653,7,0.2671370436942633,-0.04088452954928312,2,4.693569899656447,4.693569899656447,4.693569899656447,0,0,0.009683536863899504,0.020915958451369124,0.3858759534381622,0.9887547230809982,0.027888446215139442
TEL,0.12854699590003754,0.06503559633224867,5,0.056664359058667735,-0.03415906764221799,3,1.976563653592517,1.976563653592517,1.976563653592517,0,0,0.013007119266449735,0.02063976805991777,0.31259094172741897,0.9910318771488114,0.0199203187250996
ENVA,0.1393278246022491,0.1716129100986474,7,-0.04222052055976988,-0.16124633742655559,5,0.8118726296416743,0.8118726296416743,0.8118726296416743,0,0,0.024516130014092485,0.026596497942780344,0.19290289812116157,0.990011692275484,0.027888446215139442
TMO,0.12351163707125626,0.0509191225282305,5,0.07053567100719693,-0.03588597937974347,3,2.42564347024596,2.42564347024596,2.42564347024596,0,0,0.010183824505646099,0.02417993630573244,0.3506400070033022,0.9936024709427326,0.0199203187250996
NDAQ,0.08096202246860781,0.11535330403106363,7,-0.038063879086063346,-0.0808649116522816,6,0.7018613220372557,0.7018613220372557,0.7018613220372557,0,0,0.01647904343300909,0.016870446626544026,0.1836690194929469,0.9936036352336861,0.027888446215139442
NVGS,0.19434238263014136,0.024314355231143704,4,0.1766050044992129,-0.024314355232035068,1,7.9929071029287515,7.9929071029287515,5.0,0,1,0.006078588807785926,0.022238442822383055,0.3854108605815464,0.991694275774852,0.01593625498007968
TCMD,0.0,0.08059447546130188,4,-0.07850155046244167,-0.07850155046336327,4,0.0,0.0,0.0,0,0,0.02014861886532547,0.03469947275922427,0.16129033452126587,0.9968215043118451,0.01593625498007968
BLTE,0.08538164852255054,0.06454849714908417,4,0.016526485058953266,-0.042882260194637034,3,1.3227519197751292,1.3227519197751292,1.3227519197751292,0,0,0.016137124287271043,0.025869208018402493,0.2379903070615779,0.9935655646092275,0.01593625498007968
MD,0.2883814561997691,0.1944480332301036,10,0.07637281280874819,-0.11662633254762955,6,1.4830772593030432,1.4830772593030432,1.4830772593030432,0,0,0.019444803323010358,0.03133245382585545,0.2556038960904465,0.9861988718336886,0.0398406374501992
REMX,0.056678198276894104,0.0546439104810908,5,-0.0005859120349593905,-0.05108475374171928,3,1.037228078625655,1.037228078625655,1.037228078625655,0,0,0.01092878209621816,0.026645768025077926,0.20681342617944365,0.9951461747583993,0.0199203187250996
RDVT,0.330250005189357,0.12686245286506795,7,0.20031600113308312,-0.07777574922249286,3,2.6032131472391904,2.6032131472391904,2.6032131472391904,0,0,0.018123207552152566,0.027742504409170473,0.3617084215216267,0.9859786619168341,0.027888446215139442
BOOT,0.4057419790777305,0.04663413097499026,6,0.38300816437644203,-0.029039817172031634,2,8.700536937105758,8.700536937105758,5.0,0,1,0.007772355162498377,0.034682044228123834,0.3814022390014193,0.9812674319420499,0.02390438247011952
DLTR,0.28922298268011504,0.06186018881105195,4,0.23360859864993921,-0.06186018881199018,1,4.675430001733885,4.675430001733885,4.675430001733885,0,0,0.015465047202762988,0.031629139072847444,0.3884304182741633,0.9872029882556692,0.01593625498007968
ADBE,0.0967881729880498,0.27456718173904854,7,-0.17250082829739566,-0.1903557513212163,5,0.3525118055807495,0.3525118055807495,0.3525118055807495,0,0,0.03922388310557836,0.02462776536825671,0.1757132089481735,0.9899916272265578,0.027888446215139442
ATI,0.25783643290205044,0.05253521834747104,3,0.1949392367636611,-0.05253521834822239,1,4.907877820107362,4.907877820107362,4.907877820107362,0,0,0.017511739449157012,0.03275058039769825,0.0,0.9834468418501927,0.01195219123505976
RGLD,0.06713136378847112,0.019049155244765283,4,0.04776924624026657,-0.01895843769442307,2,3.524112377997384,3.524112377997384,3.524112377997384,0,0,0.004762288811191321,0.02530174706435897,0.382171740458472,0.9963787875481072,0.01593625498007968
PLAB,0.3509928313503233,0.11927196385553282,9,0.23895414082224908,-0.10164134967691973,4,2.942794098497954,2.942794098497954,2.942794098497954,0,0,0.013252440428392536,0.033140676117773556,0.37259939821257576,0.9872392717178877,0.035856573705179286
NOW,0.11166084731212036,0.12608875396912053,6,-0.02012537315224483,-0.08268146873324411,3,0.8855734060110262,0.8855734060110262,0.8855734060110262,0,0,0.021014792328186756,0.028193828397004784,0.19772649413697746,0.9927121741383016,0.02390438247011952
LRCX,0.3886213776068151,0.0872291182286119,6,0.3151144622196005,-0.0853270682721875,2,4.4551794801858255,4.4551794801858255,4.4551794801858255,0,0,0.014538186371435316,0.036365435858393344,0.3859577789826793,0.9837403366396896,0.02390438247011952
AAPL,0.04878329236416959,0.1227610220830405,6,-0.07445469549722028,-0.09300768245937319,4,0.39738421476460667,0.39738421476460667,0.39738421476460667,0,0,0.020460170347173418,0.01999277717587571,0.17119942770474916,0.9945337012353067,0.02390438247011952
VET,0.32212814357368313,0.16462903476307927,8,0.1477477199244095,-0.11810383201425301,3,1.9566909569582533,1.9566909569582533,1.9566909569582533,0,0,0.02057862934538491,0.036063829787229246,0.31248465240889717,0.986528841098936,0.03187250996015936
ANDE,0.14177176561026997,0.02052950649859399,5,0.12334783496222146,-0.020424153604592266,2,6.905756142748952,6.905756142748952,5.0,0,1,0.004105901299718798,0.02577603952243668,0.3849812161122252,0.9931950576689395,0.0199203187250996
XSD,0.06463803475750429,0.023419011602191977,4,0.04050805458252582,-0.023419011603108553,1,2.760066729351391,2.760066729351391,2.760066729351391,0,0,0.005854752900547994,0.019389593510509492,0.36649441250543024,0.9962752549232184,0.01593625498007968
FTXL,0.19177651480108132,0.0,4,0.20353412051344866,-1.000088900582341e-12,0,1000000000.0,1000.0,5.0,1,1,0.0,0.01290552584670217,0.44110935837142706,0.9922029534548539,0.01593625498007968
FTI,0.17534879776324558,0.07629472330668474,6,0.09620003109162045,-0.042528252892800045,3,2.2983083254445984,2.2983083254445984,2.2983083254445984,0,0,0.012715787217780791,0.02799506646567005,0.34224710934905844,0.9918297408929806,0.02390438247011952
IMAX,0.2374119922915212,0.052505431923310156,5,0.186808300600372,-0.04095151626150362,2,4.52166535146853,4.52166535146853,4.52166535146853,0,0,0.010501086384662031,0.02971078976640628,0.38606584796308785,0.9885893378546295,0.0199203187250996
ABBV,0.07064734426848704,0.08651638728790803,6,-0.01886427977198113,-0.07240963393923205,4,0.8165776043489633,0.8165776043489633,0.8165776043489633,0,0,0.014419397881318005,0.02074875816993453,0.19053636001163096,0.9946578610177447,0.02390438247011952
ROST,0.13605474741089135,0.004925070051096078,3,0.13155264336236838,-0.004925070051971292,1,27.62493649823565,27.62493649823565,5.0,0,1,0.001641690017032026,0.01870797229935418,0.0,0.9914762183236533,0.01195219123505976
HCA,0.3504930307265967,0.12072743510344822,9,0.2355949683589067,-0.1114578690276481,4,2.9031763196680878,2.9031763196680878,2.9031763196680878,0,0,0.013414159455938691,0.02353083434099149,0.37140156084560916,0.9869711217429057,0.035856573705179286
TAN,0.2929601000318253,0.13604587289327735,6,0.14402411217745237,-0.054298447623013946,3,2.153392041974261,2.153392041974261,2.153392041974261,0,0,0.02267431214887956,0.029631763011725383,0.33264697614516836,0.985433007964224,0.02390438247011952
MSFT,0.16929113178318744,0.10368984531223657,6,0.05711489549456261,-0.08854802627469516,4,1.6326683801428064,1.6326683801428064,1.6326683801428064,0,0,0.017281640885372762,0.017992543171114546,0.27451419856109915,0.9903025279590201,0.02390438247011952
NGL,0.204597959198917,0.03553614836893523,4,0.16201577552205393,-0.029515946349703892,3,5.7574601803996055,5.7574601803996055,5.0,0,1,0.008884037092233808,0.036819571865439674,0.38445119740803757,0.9862725038789945,0.01593625498007968
CMI,0.2331871261294956,0.0,3,0.247981297308844,-1.000088900582341e-12,0,1000000000.0,999.9999999999999,5.0,1,1,0.0,0.021778185593895584,0.0,0.9894408353675401,0.01195219123505976
CM,0.1509895195661773,0.022595087071916972,4,0.13032095303391955,-0.022285925145943408,2,6.682404855781213,6.682404855781213,5.0,0,1,0.005648771767979243,0.011968709256844724,0.38557580538450603,0.9925744021370849,0.01593625498007968
GLW,0.25455619566129434,0.03610183857899657,3,0.2242220538487525,-0.03610183857996063,1,7.051059050754018,7.051059050754018,5.0,0,1,0.012033946192998857,0.02768883342247544,0.0,0.987570452754232,0.01195219123505976
ARKW,0.0684178304624312,0.1597165332695114,6,-0.09218421921956466,-0.09899490047157533,5,0.42837037006670126,0.42837037006670126,0.42837037006670126,0,0,0.026619422211585236,0.023215665017955005,0.17439154249018698,0.9930407774535944,0.02390438247011952
MDT,0.09154743136363729,0.09474973871411344,7,-0.007207394886259766,-0.05846761128312461,4,0.9662024677435955,0.9662024677435955,0.9662024677435955,0,0,0.013535676959159063,0.017950552340873043,0.2013390633055355,0.9938899387987045,0.027888446215139442
VLO,0.2730681220857497,0.07216660863500482,6,0.2010127434507072,-0.0449509618854117,3,3.783856928442339,3.783856928442339,3.783856928442339,0,0,0.012027768105834136,0.02857810506429314,0.3838752650469938,0.9869132834034262,0.024
NEM,0.020631608897728526,0.1432815227366629,6,-0.11816164777514637,-0.13033707763587854,4,0.14399350665505808,0.14399350665505808,0.14399350665505808,0,0,0.023880253789443816,0.03075859902622851,0.16513062347908408,0.994827347358265,0.02390438247011952
FDX,0.1879436139080587,0.0722387626831765,6,0.11292552785750232,-0.07061769919962069,3,2.6017003465623922,2.6017003465623922,2.6017003465623922,0,0,0.012039793780529417,0.023252557664659345,0.36055394974268357,0.9909748247487179,0.02390438247011952
GLSI,0.21293610083203807,0.11865640097981489,8,0.08623116420811971,-0.05770099966331521,3,1.7945605890091127,1.7945605890091127,1.7945605890091127,0,0,0.014832050122476861,0.030715667311409022,0.2925338197177865,0.9896370947771371,0.03187250996015936
NYT,0.13896699329512532,0.04564066040495966,6,0.09237886692330144,-0.023558974359938145,2,3.044806803015149,3.044806803015149,3.044806803015149,0,0,0.007606776734159944,0.017242026266416178,0.3748123034788231,0.9931834428317786,0.02390438247011952
NSC,0.0629627252445164,0.01863537510398851,5,0.043620779719943936,-0.01859376340065788,2,3.3786669113540166,3.3786669113540166,3.3786669113540166,0,0,0.0037270750207977024,0.016856956057946997,0.37984140277501405,0.9961077976468207,0.0199203187250996
BLD,0.0472274308496632,0.16285092043350757,10,-0.11230302861346309,-0.11230302861435082,7,0.29000407688175317,0.29000407688175317,0.29000407688175317,0,0,0.016285092043350758,0.028681533865210457,0.16589027826837807,0.9944711434915035,0.0398406374501992
BFH,0.3360598763922087,0.06535002497135262,7,0.2894506315949572,-0.047266950798698804,3,5.142459800734992,5.142459800734992,5.0,0,1,0.009335717853050374,0.028686675587841153,0.3853424068042596,0.9875877781047746,0.027888446215139442
ILMN,0.006106889352818366,0.17912842473116802,6,-0.1620917450326358,-0.1620917450334738,5,0.03409224059209727,0.03409224059209727,0.03409224059209727,0,0,0.02985473745519467,0.035726671921420754,0.16497973823303275,0.9942741829181394,0.02390438247011952
CNQ,0.04279948933226107,0.20356603104340787,10,-0.15203425847162366,-0.1584580288522267,6,0.21024868006162886,0.21024868006162886,0.21024868006162886,0,0,0.020356603104340787,0.022348754448397824,0.16510685796006025,0.9939917723642508,0.0398406374501992
EPAM,0.04874418445387685,0.07250097652796322,5,-0.025286475227403904,-0.0711869500680018,2,0.6723245228990328,0.6723245228990328,0.6723245228990328,0,0,0.014500195305592645,0.02992891330822152,0.18191543137506666,0.9959390149982696,0.0199203187250996
NTRB,0.04307712039876836,0.24309922421093838,7,-0.1881871515428668,-0.2034867088824508,4,0.1771997444195467,0.1771997444195467,0.1771997444195467,0,0,0.03472846060156263,0.03543893317214607,0.16920651901229516,0.9915199983368068,0.028
LIT,0.16365041889132872,0.04293216519823974,6,0.12282801983667291,-0.022867325879505573,2,3.8118370721735357,3.8118370721735357,3.8118370721735357,0,0,0.0071553608663732894,0.01849783861671438,0.3842487429900454,0.9932907944631323,0.02390438247011952
